"Date","monthly.returns"
1927-12-30,0
1928-01-31,-0.00510930170563685
1928-02-29,-0.0178011859137595
1928-03-30,0.110676625880686
1928-04-30,0.0240851665503384
1928-05-31,0.0125787822068602
1928-06-29,-0.0439519194179797
1928-07-31,0.0150379249597593
1928-08-31,0.0714944822057672
1928-09-28,0.0128541902686725
1928-10-31,0.0252232390776088
1928-11-30,0.113262803823771
1928-12-31,0.00287887072311658
1929-01-31,0.0555143280812057
1929-02-28,-0.00584453714142119
1929-03-28,-0.0023473979854661
1929-04-30,0.0159319413274614
1929-05-31,-0.0437336030290631
1929-06-28,0.0988553083004017
1929-07-31,0.0522413802174719
1929-08-30,0.0934827747130778
1929-09-30,-0.0501155215978996
1929-10-31,-0.222232173777741
1929-11-27,-0.143578721459073
1929-12-31,0.0250190380986379
1930-01-31,0.0605972024876214
1930-02-28,0.021272768928399
1930-03-31,0.0366897119444151
1930-04-30,0.0305834238478587
1930-05-29,-0.0166029265324466
1930-06-30,-0.179793145841848
1930-07-31,0.0360010096354015
1930-08-29,0.0075153831909242
1930-09-30,-0.139364298661208
1930-10-31,-0.092946089191084
1930-11-28,-0.0336166935606597
1930-12-31,-0.0655972213035024
1931-01-30,0.0539299947902556
1931-02-27,0.1076432746223
1931-03-31,-0.0772273056263232
1931-04-30,-0.10077748678079
1931-05-29,-0.14754561095269
1931-06-30,0.13016547906635
1931-07-31,-0.077068964565792
1931-08-31,0.00942378255151484
1931-09-30,-0.355850682759134
1931-10-30,0.0715300120402425
1931-11-30,-0.0933944996656084
1931-12-31,-0.156961658526618
1932-01-29,-0.0224168576142261
1932-02-29,0.0431366820799875
1932-03-31,-0.125806698611648
1932-04-29,-0.22622627865803
1932-05-31,-0.265628625587475
1932-06-30,-0.00898881638118838
1932-07-29,0.308347500225884
1932-08-31,0.330293515866404
1932-09-30,-0.0376486983089012
1932-10-31,-0.149212383263469
1932-11-30,-0.0607144010602286
1932-12-30,0.0549507018877282
1933-01-31,0.00288600210902126
1933-02-28,-0.203877917507636
1933-03-31,0.0330177796855401
1933-04-28,0.291520855317273
1933-05-31,0.207958643977934
1933-06-30,0.123758641622074
1933-07-31,-0.0921072538577533
1933-08-31,0.10847128312016
1933-09-29,-0.131858169176881
1933-10-31,-0.0814154147001333
1933-11-29,0.0977422920985515
1933-12-29,0.00906808741411196
1934-01-31,0.113651009154387
1934-02-28,-0.0373960439061799
1934-03-29,-0.0130965709673725
1934-04-30,-0.0151805427540968
1934-05-31,-0.0847542750270873
1934-06-29,0.0205981290950263
1934-07-31,-0.122380752520896
1934-08-31,0.0527322737659902
1934-09-28,-0.00767965338596356
1934-10-31,-0.0301866966331067
1934-11-30,0.0796059938838825
1934-12-31,-0.0042016828550656
1935-01-31,-0.0430173431639415
1935-02-28,-0.040364291962963
1935-03-29,-0.0337437446826817
1935-04-30,0.0936950992265436
1935-05-31,0.0318160659954391
1935-06-28,0.066624013240728
1935-07-31,0.078840077173783
1935-08-30,0.0143371496689896
1935-09-30,0.0306638464147461
1935-10-31,0.0723808459037236
1935-11-29,0.0377997402240173
1935-12-31,0.0371677766137054
1936-01-31,0.0634675896330938
1936-02-28,0.0200629319506755
1936-03-31,0.0216810450467962
1936-04-30,-0.0802102539050379
1936-05-29,0.0447358341068893
1936-06-30,0.0300980679304359
1936-07-31,0.0658432763693428
1936-08-31,0.00879398814102184
1936-09-30,0.00125002877300121
1936-10-30,0.0734384826672074
1936-11-30,0.00289777914032845
1936-12-31,-0.00580386879279634
1937-01-29,0.0337657336074941
1937-02-26,0.016187850490506
1937-03-31,-0.00778210661328322
1937-04-30,-0.0868084611807805
1937-05-28,-0.0104008324274404
1937-06-30,-0.0543406335472164
1937-07-30,0.0852241184828768
1937-08-31,-0.0445059436155672
1937-09-30,-0.15331981037708
1937-10-29,-0.108109755176829
1937-11-30,-0.105810521212823
1937-12-31,-0.0517196947481908
1938-01-31,0.0131828077825445
1938-02-28,0.0590276259715743
1938-03-31,-0.288270148259057
1938-04-29,0.140273293246896
1938-05-31,-0.0535560277842095
1938-06-30,0.220767470584296
1938-07-29,0.0644844114453318
1938-08-31,-0.0221410848954584
1938-09-30,0.0148150322915569
1938-10-31,0.0732322631635164
1938-11-30,-0.0339801449383255
1938-12-30,0.0316996625746532
1939-01-31,-0.0660617612992564
1939-02-28,0.0320027005607812
1939-03-31,-0.145526584055349
1939-04-28,-0.00456406428132491
1939-05-31,0.0594938008882614
1939-06-30,-0.065918848105364
1939-07-31,0.103148153820046
1939-08-31,-0.0741079416887875
1939-09-29,0.134537117584655
1939-10-31,0.00312256007282876
1939-11-30,-0.0503502365758121
1939-12-29,0.0210875803156564
1940-01-31,-0.0334588406555786
1940-02-29,0.00661705662521109
1940-03-29,0.00411355494673912
1940-04-30,0.000820621732919018
1940-05-31,-0.273832480111196
1940-06-28,0.0737996154963111
1940-07-31,0.0305895016835014
1940-08-30,0.0202027110247081
1940-09-30,0.0151231472601596
1940-10-31,0.0386432700097652
1940-11-29,-0.0471219034231376
1940-12-31,0.000945648208740513
1941-01-31,-0.0494047427939749
1941-02-28,-0.0150077474373271
1941-03-31,0.00402414643882078
1941-04-30,-0.0674879390659384
1941-05-29,0.00749063885807176
1941-06-30,0.0488917186932302
1941-07-31,0.0533723442428237
1941-08-29,-0.0106436041032578
1941-09-30,-0.00781253246072484
1941-10-31,-0.0710959029842337
1941-11-28,-0.0408220070686015
1941-12-31,-0.0482969005479014
1942-01-30,0.0182446111337687
1942-02-27,-0.0298187483641642
1942-03-31,-0.0699079641048181
1942-04-30,-0.0446788258223692
1942-05-29,0.0620059166142592
1942-06-30,0.0182376573359872
1942-07-31,0.030844701391636
1942-08-31,0.00698483222510101
1942-09-30,0.026332430724368
1942-10-30,0.0560277516859574
1942-11-30,-0.00750670509021175
1942-12-31,0.0503779641891929
1943-01-29,0.0663280293526217
1943-02-26,0.0495197563675499
1943-03-31,0.0541151669275542
1943-04-30,0.000863204960712677
1943-05-28,0.0389220052481448
1943-06-30,0.0245914181969394
1943-07-30,-0.0413281941895449
1943-08-31,-0.00422835213708743
1943-09-30,0.0234516385553545
1943-10-29,-0.0141728156354819
1943-11-30,-0.0776665252913422
1943-12-31,0.0573096075719571
1944-01-31,0.0153064469366
1944-02-29,-0.00253491361332001
1944-03-31,0.0167789810312031
1944-04-28,-0.0125577682101737
1944-05-31,0.0396418949818354
1944-06-30,0.0497535820468738
1944-07-31,-0.0210205878063984
1944-08-31,0.00861733948516248
1944-09-29,-0.00625979550945069
1944-10-31,0.00313479587670559
1944-11-30,0.00390474462590229
1944-12-29,0.0344729512596788
1945-01-31,0.0142058863055408
1945-02-28,0.0597945403577263
1945-03-29,-0.0494547591663612
1945-04-30,0.0865214565838347
1945-05-31,0.0113904128725566
1945-06-29,-0.00937090811802413
1945-07-31,-0.0142230667259153
1945-08-31,0.0563623058954422
1945-09-28,0.0342238100953585
1945-10-31,0.0367013914745026
1945-11-30,0.0319176569473237
1945-12-31,0.00984089392802201
1946-01-31,0.0673786145401045
1946-02-28,-0.0719975558184695
1946-03-29,0.0430417622719904
1946-04-30,0.0391353903942739
1946-05-31,0.0221411295878352
1946-06-28,-0.0398882971260639
1946-07-31,-0.0258327763422321
1946-08-30,-0.0757368183827843
1946-09-30,-0.107030218419095
1946-10-31,-0.0080537270748253
1946-11-29,-0.0108402040465269
1946-12-31,0.0413667968898104
1947-01-31,0.0232568399541374
1947-02-28,-0.0147959946657083
1947-03-31,-0.0169938877634442
1947-04-30,-0.0396690770419744
1947-05-29,-0.00895631998893458
1947-06-30,0.0512587074204241
1947-07-31,0.0355219901734714
1947-08-29,-0.0283159545603373
1947-09-30,-0.0138023908292658
1947-10-31,0.0209569325900606
1947-11-28,-0.0295977386223994
1947-12-31,0.0211368933339703
1948-01-30,-0.0413667968898104
1948-02-27,-0.0524412342753871
1948-03-31,0.0793245478210066
1948-04-30,0.0261794810697541
1948-05-28,0.075260931082118
1948-06-30,0.00299128171617696
1948-07-30,-0.0546315269977991
1948-08-31,0.00754245455679268
1948-09-30,-0.0305173392948986
1948-10-29,0.0631657412538607
1948-11-30,-0.112117298120706
1948-12-31,0.0300523325180554
1949-01-31,0.00131495467425505
1949-02-28,-0.0402199234842031
1949-03-31,0.0296518037408054
1949-04-29,-0.0235147130281276
1949-05-31,-0.0359900756059599
1949-06-30,-0.00211638411106152
1949-07-29,0.0602922384957333
1949-08-31,0.0118970539928136
1949-09-30,0.0233776655675471
1949-10-31,0.0290976239704448
1949-11-30,0.00124601574858468
1949-12-30,0.0444518503528643
1950-01-31,0.0153666333647625
1950-02-28,0.0099213001423568
1950-03-31,0.00405689352176145
1950-04-28,0.038018659251681
1950-05-31,0.0446454984445675
1950-06-30,-0.0597929719812132
1950-07-31,0.00844359734349957
1950-08-31,0.0319938992640725
1950-09-29,0.0544100743210647
1950-10-31,0.0041046707569538
1950-11-30,-0.00102461368055348
1950-12-29,0.0460772574006269
1951-01-31,0.0584628107609984
1951-02-28,0.00644270026966121
1951-03-30,-0.0147876864683142
1951-04-30,0.043277113808308
1951-05-31,-0.0414166055726842
1951-06-29,-0.0263669407920287
1951-07-31,0.0664451260579947
1951-08-31,0.038533710527223
1951-09-28,-0.000859495427652545
1951-10-31,-0.0138530219488133
1951-11-30,-0.00261900515003773
1951-12-31,0.0381611707983299
1952-01-31,0.0154458897554141
1952-02-29,-0.037135033454893
1952-03-31,0.0466177451436003
1952-04-30,-0.0440415536784149
1952-05-29,0.022892093854453
1952-06-30,0.0450710645711402
1952-07-31,0.0174746521845527
1952-08-29,-0.0146740261294143
1952-09-30,-0.0197706562862659
1952-10-31,-0.00081534685331538
1952-11-28,0.0454442235039611
1952-12-31,0.0348493950450315
1953-01-30,-0.00717663281007134
1953-02-27,-0.0183631614989921
1953-03-31,-0.0238338570938976
1953-04-30,-0.0268499420392611
1953-05-29,-0.00325467825345493
1953-06-30,-0.0164342862047584
1953-07-31,0.0249552986291403
1953-08-31,-0.0595141406188478
1953-09-30,0.00128565205608782
1953-10-30,0.0497074761383779
1953-11-30,0.00892498047009399
1953-12-31,0.00201731911739655
1954-01-29,0.049921957955263
1954-02-26,0.00268044179010844
1954-03-31,0.0297630148830033
1954-04-30,0.0478351945493435
1954-05-28,0.0323788178064072
1954-06-30,0.000684881894773535
1954-07-30,0.055597612922621
1954-08-31,-0.0345941020102953
1954-09-30,0.0798622263709642
1954-10-29,-0.0196912457606977
1954-11-30,0.0777090237148836
1954-12-31,0.0495686155054787
1955-01-31,0.0179043901506364
1955-02-28,0.00354264587704615
1955-03-31,-0.00490855880845583
1955-04-29,0.0370312566046263
1955-05-31,-0.00131802412027466
1955-06-30,0.079088551199377
1955-07-29,0.0589171363635371
1955-08-31,-0.00784318091196636
1955-09-30,0.0112838934139319
1955-10-31,-0.0309290562575294
1955-11-30,0.0721997758366856
1955-12-30,-0.000659386330104583
1956-01-31,-0.037182331614154
1956-02-29,0.0340993212417804
1956-03-29,0.0669616838739417
1956-04-30,-0.00206480505923853
1956-05-31,-0.0679894235421237
1956-06-29,0.0384120223105223
1956-07-31,0.050238836166838
1956-08-31,-0.0388077823246131
1956-09-28,-0.0465300369557023
1956-10-31,0.0050589210754433
1956-11-30,-0.0110303342003956
1956-12-31,0.0346627909381705
1957-01-31,-0.0426806645842149
1957-02-28,-0.0331924744180228
1957-03-29,0.0194581462284801
1957-04-30,0.0362866973365721
1957-05-31,0.0362817210332714
1957-06-28,-0.00126585193641324
1957-07-31,0.0113351533228323
1957-08-30,-0.0577847538655595
1957-09-30,-0.063919587872941
1957-10-31,-0.0325854609348997
1957-11-29,0.0159462143552497
1957-12-31,-0.0423511945611051
1958-01-31,0.0418716822697766
1958-02-28,-0.0208391500679646
1958-03-31,0.0303857074114795
1958-04-30,0.0313329395679857
1958-05-29,0.0148523588185076
1958-06-30,0.0257486855186333
1958-07-31,0.0422002882876744
1958-08-29,0.0117970902897578
1958-09-30,0.0472432465097893
1958-10-31,0.0250530988078955
1958-11-28,0.0221567236687786
1958-12-31,0.0507119438001143
1959-01-30,0.00433764784211143
1959-02-27,-0.000721647429966966
1959-03-31,0.000541249985424802
1959-04-30,0.0380476140572504
1959-05-29,0.0187500143073226
1959-06-30,-0.00358513541045346
1959-07-31,0.0342947898305564
1959-08-31,-0.0151530644262531
1959-09-30,-0.0467117441959262
1959-10-30,0.0111889170977479
1959-11-30,0.0131262390103841
1959-12-31,0.0272505757036465
1960-01-29,-0.0741464839101164
1960-02-29,0.00912918402651346
1960-03-31,-0.0139962590854979
1960-04-29,-0.0176834656035361
1960-05-31,0.0264988806067119
1960-06-30,0.0193353489334995
1960-07-29,-0.0250835865878627
1960-08-31,0.0257860965656849
1960-09-30,-0.0622938266574517
1960-10-31,-0.00243197329295641
1960-11-30,0.0394800472826116
1960-12-30,0.0452342782276357
1961-01-31,0.0612418911411664
1961-02-28,0.0265148879479449
1961-03-30,0.0252153278402393
1961-04-28,0.00383524301300391
1961-05-31,0.0189586333004197
1961-06-30,-0.0292703550626511
1961-07-31,0.0322707260217728
1961-08-31,0.0194324521843032
1961-09-29,-0.0198819057548691
1961-10-31,0.0279294002345455
1961-11-30,0.0385927112597022
1961-12-29,0.00321975993858506
1962-01-31,-0.0386116305086277
1962-02-28,0.0161387189180291
1962-03-30,-0.00587767481589325
1962-04-30,-0.0639732172394379
1962-05-31,-0.0899139239612354
1962-06-29,-0.0853814523507844
1962-07-31,0.0616233092911155
1962-08-31,0.0151685805853188
1962-09-28,-0.0494077169927285
1962-10-31,0.00443302433515566
1962-11-30,0.0967245721389989
1962-12-31,0.0134016073107807
1963-01-31,0.0479596714786497
1963-02-28,-0.0292763044497185
1963-03-29,0.034849908634146
1963-04-30,0.0473800324614561
1963-05-31,0.0142249903138126
1963-06-28,-0.0204045068131627
1963-07-31,-0.00346578676394331
1963-08-30,0.047597811634138
1963-09-30,-0.0110958568179258
1963-10-31,0.0317095430307501
1963-11-29,-0.0105950291595147
1963-12-31,0.0241494809926196
1964-01-31,0.0265700794671039
1964-02-28,0.00981669103636178
1964-03-31,0.0150532279520692
1964-04-30,0.00605904050249534
1964-05-28,0.0113872675342576
1964-06-30,0.0162906188411628
1964-07-31,0.0180753127436168
1964-08-31,-0.0163629910680104
1964-09-30,0.028313420052086
1964-10-30,0.00804547999893074
1964-11-30,-0.00519852830210036
1964-12-31,0.00390142759602809
1965-01-29,0.0326184985114361
1965-02-26,-0.00148576808868041
1965-03-31,-0.0146324013315923
1965-04-30,0.0336654931223227
1965-05-28,-0.00777340078455177
1965-06-30,-0.0498537842042341
1965-07-30,0.0133437326783665
1965-08-31,0.022272097854298
1965-09-30,0.0315049028961415
1965-10-29,0.0269782687157336
1965-11-30,-0.00880294294018271
1965-12-31,0.00891116188876591
1966-01-31,0.00485670323995647
1966-02-28,-0.0180341231528167
1966-03-31,-0.0220568411323311
1966-04-29,0.0203012595624819
1966-05-31,-0.0556608521833877
1966-06-30,-0.0162700309231063
1966-07-29,-0.0135442181506633
1966-08-31,-0.0809402410601388
1966-09-30,-0.00702854552247491
1966-10-31,0.0464487615647231
1966-11-30,0.00311235868417031
1966-12-30,-0.00149266252491674
1967-01-31,0.0752721164102007
1967-02-28,0.00196087691348415
1967-03-31,0.0386532269317789
1967-04-28,0.0413717890785558
1967-05-31,-0.0538663193695596
1967-06-30,0.0173607470416133
1967-07-31,0.0443462339765842
1967-08-31,-0.0117842078578902
1967-09-29,0.0322591641574976
1967-10-31,-0.0358966596997584
1967-11-30,0.00747464170761943
1967-12-29,0.0259373095661654
1968-01-31,-0.0448382390348463
1968-02-29,-0.031720691210123
1968-03-29,0.00935623164414235
1968-04-30,0.07741263478614
1968-05-31,0.0124402667322536
1968-06-28,0.00907906484807623
1968-07-30,-0.0186504896160596
1968-08-30,0.0113938440669588
1968-09-30,0.0378152294237927
1968-10-31,0.00718176113387262
1968-11-29,0.0468496186690136
1968-12-31,-0.0425074789865415
1969-01-31,-0.00821775265915873
1969-02-28,-0.048532989404507
1969-03-28,0.0338642346116886
1969-04-30,0.0212483652745577
1969-05-29,-0.00222064638915527
1969-06-30,-0.0571811571398653
1969-07-31,-0.062064837021365
1969-08-29,0.0392919148481655
1969-09-30,-0.0253419629350002
1969-10-31,0.0420583421132712
1969-11-28,-0.0346759214786318
1969-12-31,-0.0188309222434826
1970-01-30,-0.0795540284227688
1970-02-27,0.0513521418342125
1970-03-31,0.00145142944490299
1970-04-30,-0.0948417069905081
1970-05-29,-0.06290418576531
1970-06-30,-0.0513276953143247
1970-07-31,0.0707332194059065
1970-08-31,0.0434986616737282
1970-09-30,0.0335335534737647
1970-10-30,-0.0125337723484162
1970-11-30,0.0463561670571576
1970-12-31,0.0552134047567639
1971-01-29,0.0396796802456716
1971-02-26,0.009032950989745
1971-03-31,0.0361350346468894
1971-04-30,0.0356446183893013
1971-05-28,-0.0424466884571387
1971-06-30,-0.00937838096903989
1971-07-30,-0.032121303212592
1971-08-31,0.0354592098993005
1971-09-30,-0.0069919974620849
1971-10-29,-0.0426921869009706
1971-11-30,-0.00255026693962065
1971-12-31,0.0826663704056057
1972-01-31,0.0179590917593651
1972-02-29,0.0249882103003399
1972-03-30,0.00589417679956454
1972-04-28,0.00437475665264097
1972-05-31,0.0171274963692826
1972-06-30,-0.022062088434687
1972-07-31,0.00233067743057265
1972-08-31,0.0338735884417621
1972-09-29,-0.00487271571970111
1972-10-31,0.00927390391894156
1972-11-30,0.0446075823138363
1972-12-29,0.0117588682414626
1973-01-31,-0.0172595215440499
1973-02-28,-0.0382111260922185
1973-03-30,-0.00143372483606853
1973-04-30,-0.0416554841809056
1973-05-31,-0.0190644155412447
1973-06-29,-0.00659621735902103
1973-07-31,0.0372784036650047
1973-08-31,-0.0373743428155077
1973-09-28,0.0393129456196756
1973-10-31,-0.00129198420389501
1973-11-30,-0.120881393663916
1973-12-31,0.0164336699223815
1974-01-31,-0.0100969675344812
1974-02-28,-0.00363088186078376
1974-03-29,-0.0235552195635633
1974-04-30,-0.0398338601652417
1974-05-31,-0.0341268416903293
1974-06-28,-0.0147740312852497
1974-07-31,-0.0809831029413622
1974-08-30,-0.0946168869435631
1974-09-30,-0.127077663118535
1974-10-31,0.151043205351997
1974-11-29,-0.0546462523981454
1974-12-31,-0.0203573575241506
1975-01-31,0.115836452783718
1975-02-28,0.05816096909295
1975-03-31,0.0214619247705166
1975-04-30,0.0461819124757575
1975-05-30,0.043156020062288
1975-06-30,0.0433684020459531
1975-07-31,-0.0700514915554061
1975-08-29,-0.0212956037834136
1975-09-30,-0.0352598108277052
1975-10-31,0.0598177035050859
1975-11-28,0.024407656753384
1975-12-31,-0.0115747907556707
1976-01-30,0.111814839452846
1976-02-27,-0.0114674590412516
1976-03-31,0.0302274853136522
1976-04-30,-0.0110562965255224
1976-05-28,-0.014468581471185
1976-06-30,0.0401110063835418
1976-07-30,-0.0080878192935367
1976-08-31,-0.00513690263219652
1976-09-30,0.0223885804398829
1976-10-29,-0.0224857782046776
1976-11-30,-0.00780494744308442
1976-12-31,0.0511659665552974
1977-01-31,-0.051851801057917
1977-02-28,-0.0218983147388526
1977-03-31,-0.0141245441508683
1977-04-29,0.000203233490478115
1977-05-31,-0.0238498108810331
1977-06-30,0.0443612966860817
1977-07-29,-0.0163552019485417
1977-08-31,-0.0212665399772857
1977-09-30,-0.00248316598835185
1977-10-31,-0.0443764507948105
1977-11-30,0.0266084567845771
1977-12-30,0.0028431193019023
1978-01-31,-0.0634875328466023
1978-02-28,-0.0250736270336493
1978-03-31,0.024625337036984
1978-04-28,0.0819637518703501
1978-05-31,0.00422524494585005
1978-06-30,-0.0177418059755839
1978-07-31,0.0525068517945619
1978-08-31,0.02559340158394
1978-09-29,-0.00728759959815686
1978-10-31,-0.0960418618555677
1978-11-30,0.0165028545380242
1978-12-29,0.0147794072192444
1979-01-31,0.0389765687418485
1979-02-28,-0.0372093436914004
1979-03-30,0.0536844688193283
1979-04-30,0.00167205152912137
1979-05-31,-0.026689497482916
1979-06-29,0.0379272323318271
1979-07-31,0.00870742625357419
1979-08-31,0.0517170765811568
1979-09-28,0
1979-10-31,-0.0710728127913036
1979-11-30,0.0417408790431022
1979-12-31,0.0166281152885921
1980-01-31,0.0560254654386485
1980-02-29,-0.0043894371584884
1980-03-31,-0.107356826779294
1980-04-30,0.040316474849434
1980-05-30,0.0455187940029907
1980-06-30,0.0266114697298117
1980-07-31,0.0630109668582276
1980-08-29,0.00581848884132607
1980-09-30,0.0248560397799015
1980-10-31,0.0158940769999924
1980-11-28,0.0974688054310472
1980-12-31,-0.0344612773386186
1981-01-30,-0.0468216498989329
1981-02-27,0.0131893727977184
1981-03-31,0.0353985823736127
1981-04-30,-0.0237353687065918
1981-05-29,-0.00165788452263395
1981-06-30,-0.0104624882203351
1981-07-31,-0.0022127086395693
1981-08-31,-0.064110849018459
1981-09-30,-0.0553348714373267
1981-10-30,0.0479782784692124
1981-11-30,0.0359368280972507
1981-12-31,-0.0305366868813334
1982-01-29,-0.0176995893281324
1982-02-26,-0.0624587436087553
1982-03-31,-0.0102191454693971
1982-04-30,0.0392344833745165
1982-05-28,-0.0399492960600957
1982-06-30,-0.0204982269883769
1982-07-30,-0.0232590485797998
1982-08-31,0.109730499537474
1982-09-30,0.00758554907703294
1982-10-29,0.104762453849966
1982-11-30,0.0353388291772576
1982-12-31,0.0151165297390966
1983-01-31,0.0325971619823359
1983-02-28,0.018816988946261
1983-03-31,0.0325589126704016
1983-04-29,0.0723084099870028
1983-05-31,-0.0124840574646108
1983-06-30,0.0318179736975816
1983-07-29,-0.0307716700444002
1983-08-31,0.0112552961244476
1983-09-30,0.0101069848257912
1983-10-31,-0.0152906576779908
1983-11-30,0.0172757190634543
1983-12-30,-0.00887339465531054
1984-01-31,-0.00925869457776442
1984-02-29,-0.0396345200719403
1984-03-30,0.013407708963212
1984-04-30,0.00545069411787705
1984-05-31,-0.0611910102849309
1984-06-29,0.0173183774685192
1984-07-31,-0.0165879859623283
1984-08-31,0.101050095907795
1984-09-28,-0.00348570924717586
1984-10-31,-6.02653033172045e-05
1984-11-30,-0.0152276095614993
1984-12-31,0.0221277608338957
1985-01-31,0.0714692676289976
1985-02-28,0.00859176485269042
1985-03-29,-0.00287413982362242
1985-04-30,-0.00460486163317532
1985-05-31,0.0526408877031107
1985-06-28,0.0120609904446008
1985-07-31,-0.00485936595995443
1985-08-30,-0.0120670323037097
1985-09-30,-0.0353412892490096
1985-10-31,0.0416301322931336
1985-11-29,0.063032625281811
1985-12-31,0.0440753436419906
1986-01-31,0.00236373202707239
1986-02-28,0.0690495301509092
1986-03-31,0.0514475043941491
1986-04-30,-0.0142491751022962
1986-05-30,0.049008508668286
1986-06-30,0.014010908726095
1986-07-31,-0.0604751413823166
1986-08-29,0.0687726119520804
1986-09-30,-0.0893106766924705
1986-10-31,0.0532841722563404
1986-11-28,0.0212498082037459
1986-12-31,-0.028696094101436
1987-01-30,0.123780034272403
1987-02-27,0.0362582730314726
1987-03-31,0.0260476601063151
1987-04-30,-0.0115162699843256
1987-05-29,0.00601606342946358
1987-06-30,0.046801989239513
1987-07-31,0.0470970137483564
1987-08-31,0.0343616579574834
1987-09-30,-0.0244629590161161
1987-10-30,-0.24542803399765
1987-11-30,-0.0892125600204275
1987-12-31,0.0703293581606075
1988-01-29,0.039636271601807
1988-02-29,0.0409666905746799
1988-03-31,-0.0339118227734484
1988-04-29,0.00938060747510349
1988-05-31,0.00317109324292814
1988-06-30,0.0423466035024909
1988-07-29,-0.00542606924537189
1988-08-31,-0.0393648322102238
1988-09-30,0.0389604222510656
1988-10-31,0.0256331108764604
1988-11-30,-0.0190715928872926
1988-12-30,0.0145807556338447
1989-01-31,0.068699967387921
1989-02-28,-0.0293712927066206
1989-03-31,0.0205924737256251
1989-04-28,0.0488758149570306
1989-05-31,0.0345342629888193
1989-06-30,-0.00795612036235621
1989-07-31,0.084681401134301
1989-08-31,0.0153975649500125
1989-09-29,-0.00656587654427656
1989-10-31,-0.0254977738676884
1989-11-30,0.0164060067375056
1989-12-29,0.0211906979339626
1990-01-31,-0.0712997011178853
1990-02-28,0.00850279135448318
1990-03-30,0.023965505779728
1990-04-30,-0.0272552123830893
1990-05-31,0.0880009787379116
1990-06-29,-0.00892608491020964
1990-07-31,-0.00523684678881533
1990-08-31,-0.0990628154127714
1990-09-28,-0.0525407104627689
1990-10-31,-0.0067207460051146
1990-11-30,0.0582068444450339
1990-12-31,0.0245245568490668
1991-01-31,0.0406790242987478
1991-02-28,0.0651144585157762
1991-03-28,0.0219599383539181
1991-04-30,0.000319748237583099
1991-05-31,0.0378784401054397
1991-06-28,-0.0490774658601492
1991-07-31,0.043882276316961
1991-08-30,0.0194582392017222
1991-09-30,-0.0193293498695595
1991-10-31,0.0117647596767394
1991-11-29,-0.0448966478087366
1991-12-31,0.105789493200655
1992-01-31,-0.0201249060419984
1992-02-28,0.00954385530957646
1992-03-31,-0.0220737036066378
1992-04-30,0.0275107977321742
1992-05-29,0.00096349251741979
1992-06-30,-0.017511264288297
1992-07-31,0.0386183068038768
1992-08-31,-0.0242901634758198
1992-09-30,0.00906438788534757
1992-10-30,0.00210406758802568
1992-11-30,0.0298129521792992
1992-12-31,0.0100570251483203
1993-01-29,0.00702128090816916
1993-02-26,0.0104290554496347
1993-03-31,0.0185246532428305
1993-04-30,-0.0257453969876003
1993-05-28,0.022463263865184
1993-06-30,0.000754943497597347
1993-07-30,-0.00534128500779398
1993-08-31,0.0338524414108164
1993-09-30,-0.0100381441750982
1993-10-29,0.0192072763372998
1993-11-30,-0.0129946925677408
1993-12-31,0.0100405987830388
1994-01-31,0.0319837679060373
1994-02-28,-0.0305055975160481
1994-03-31,-0.0468259306764004
1994-04-29,0.0114646718785667
1994-05-31,0.0123209288658235
1994-06-30,-0.0271562390464462
1994-07-29,0.031004268952847
1994-08-31,0.0369091007906362
1994-09-30,-0.0272453412439975
1994-10-31,0.0206197596486758
1994-11-30,-0.0403060983247587
1994-12-30,0.0122240976788351
1995-01-31,0.0239876927407221
1995-02-28,0.0354387127748153
1995-03-31,0.0269624201036424
1995-04-28,0.0275766038428389
1995-05-31,0.0356679795657249
1995-06-30,0.0210553163061705
1995-07-31,0.0312816275925122
1995-08-31,-0.000320288764398427
1995-09-29,0.0393144326915887
1995-10-31,-0.00499177338571252
1995-11-30,0.0402288613213517
1995-12-29,0.017293475541395
1996-01-31,0.0320967312736511
1996-02-29,0.00690977421523225
1996-03-29,0.00788539597634809
1996-04-30,0.0133420201057065
1996-05-31,0.0225961785505007
1996-06-28,0.00225416742679198
1996-07-31,-0.0468275089929192
1996-08-30,0.0186391420307612
1996-09-30,0.0527853416930764
1996-10-31,0.0257661848107203
1996-11-29,0.0708089630565468
1996-12-31,-0.0217400256201896
1997-01-31,0.0595106265461696
1997-02-28,0.00591009118905606
1997-03-31,-0.0435486361821428
1997-04-30,0.0567636050323618
1997-05-30,0.0569254445745235
1997-06-30,0.0425350366289039
1997-07-31,0.0752427225584924
1997-08-29,-0.0591828952940652
1997-09-30,0.051789082549075
1997-10-31,-0.0350860778207733
1997-11-28,0.043621453380328
1997-12-31,0.0156091381815247
1998-01-30,0.0100990103368635
1998-02-27,0.0680783664885876
1998-03-31,0.0487384622054995
1998-04-30,0.00903552566870944
1998-05-29,-0.0190056926596579
1998-06-30,0.0386804139824303
1998-07-31,-0.0116833117841352
1998-08-31,-0.157586078683432
1998-09-30,0.0605262781981877
1998-10-30,0.0772334378916789
1998-11-30,0.0574440362046963
1998-12-31,0.0548435076467191
1999-01-29,0.0401908586154822
1999-02-26,-0.0328151376002515
1999-03-31,0.0380606322589119
1999-04-30,0.0372418599721308
1999-05-28,-0.0252875323361149
1999-06-30,0.053008237590088
1999-07-30,-0.0325708089457425
1999-08-31,-0.00627373044318899
1999-09-30,-0.0289673234211003
1999-10-29,0.0606618366085531
1999-11-30,0.0188824579615933
1999-12-31,0.056232775045105
2000-01-31,-0.0522448509654201
2000-02-29,-0.0203130024369014
2000-03-31,0.0923237506366766
2000-04-28,-0.0312799109533902
2000-05-31,-0.0221587523957555
2000-06-30,0.0236516315584324
2000-07-31,-0.0164762671934853
2000-08-31,0.0589282236915325
2000-09-29,-0.0549663208767474
2000-10-31,-0.00496177469188591
2000-11-30,-0.083456187923591
2000-12-29,0.00404525254568478
2001-01-31,0.034050231409261
2001-02-28,-0.0968311448208673
2001-03-30,-0.0663585345479359
2001-04-30,0.0740070171655907
2001-05-31,0.00507727619249908
2001-06-29,-0.0253541054918207
2001-07-31,-0.0107982413190252
2001-08-31,-0.0662556285291686
2001-09-28,-0.08525663276942
2001-10-31,0.0179372722626829
2001-11-30,0.0724842799367107
2001-12-31,0.00754529660903789
2002-01-31,-0.0156963785927956
2002-02-28,-0.0209848611197933
2002-03-28,0.036080106667215
2002-04-30,-0.0633846547446828
2002-05-31,-0.00912296937678457
2002-06-28,-0.0752143496031788
2002-07-31,-0.082299884593638
2002-08-30,0.00486955774176955
2002-09-30,-0.116561140508388
2002-10-31,0.0829143961191543
2002-11-29,0.0555005710434994
2002-12-31,-0.0622292661977206
2003-01-31,-0.0277974877305516
2003-02-28,-0.0171498294997661
2003-03-31,0.00832283659298846
2003-04-30,0.077927340026379
2003-05-30,0.049645711997826
2003-06-30,0.0112585981406291
2003-07-31,0.0160935040134788
2003-08-29,0.017715355943955
2003-09-30,-0.0120162716714291
2003-10-31,0.0535042607031233
2003-11-28,0.00710321639066254
2003-12-31,0.049518984971105
2004-01-30,0.017128847057715
2004-02-27,0.0121350453361058
2004-03-31,-0.0164942041786425
2004-04-30,-0.0169333147130639
2004-05-28,0.0120110280360959
2004-06-30,0.0178291113621116
2004-07-30,-0.0348922348471668
2004-08-31,0.00228473831990457
2004-09-30,0.00932030621826994
2004-10-29,0.0139169521028178
2004-11-30,0.0378687769068283
2004-12-31,0.0319425732114829
2005-01-31,-0.0256157676953058
2005-02-28,0.0187268980560267
2005-03-31,-0.0193027609216906
2005-04-29,-0.0203135115002226
2005-05-31,0.0295122444890196
2005-06-30,-0.00014272436450535
2005-07-29,0.0353365322718687
2005-08-31,-0.0112855475028993
2005-09-30,0.00692499112119339
2005-10-31,-0.0179000339063433
2005-11-30,0.0345812139547286
2005-12-30,-0.000952803089930415
2006-01-31,0.0251478956075799
2006-02-28,0.000453055083401205
2006-03-31,0.01103470350945
2006-04-28,0.0120823662692256
2006-05-31,-0.0314049293203158
2006-06-30,8.65927553351134e-05
2006-07-31,0.00507298940598844
2006-08-31,0.0210510566201951
2006-09-29,0.0242693991143097
2006-10-31,0.0310218126705608
2006-11-30,0.0163325511312301
2006-12-29,0.0125368668579112
2007-01-31,0.0139611313073258
2007-02-28,-0.0220883370533768
2007-03-30,0.0099305117846988
2007-04-30,0.0423798432532397
2007-05-31,0.0320307238518961
2007-06-29,-0.0179769438696761
2007-07-31,-0.0325044711803648
2007-08-31,0.0127815390189306
2007-09-28,0.0351682902627903
2007-10-31,0.0147135609401705
2007-11-30,-0.0450427826309034
2007-12-31,-0.00866594967082988
2008-01-31,-0.0631138642063085
2008-02-29,-0.035379739592448
2008-03-31,-0.00597745282641869
2008-04-30,0.0464509519075854
2008-05-30,0.0106176148073936
2008-06-30,-0.0898835539178221
2008-07-31,-0.00990829663377407
2008-08-29,0.0121167593514939
2008-09-30,-0.0951807650769433
2008-10-31,-0.185636473886883
2008-11-28,-0.0777983573133054
2008-12-31,0.0077911466734982
2009-01-30,-0.0895498795988168
2009-02-27,-0.11645651319919
2009-03-31,0.0819526935612557
2009-04-30,0.0897722182435997
2009-05-29,0.0517205771551741
2009-06-30,0.00019580809395383
2009-07-31,0.0715219493430142
2009-08-31,0.0330093363428553
2009-09-30,0.0351000673677463
2009-10-30,-0.0199598801971195
2009-11-30,0.0557790765867372
2009-12-31,0.0176145203503
2010-01-29,-0.0376751237121947
2010-02-26,0.0281147397418405
2010-03-31,0.0571328154163926
2010-04-30,0.0146513730069184
2010-05-28,-0.0855315728834906
2010-06-30,-0.0553884494055037
2010-07-30,0.066515799010857
2010-08-31,-0.0486118228874188
2010-09-30,0.083928474188034
2010-10-29,0.0361930517504908
2010-11-30,-0.00229287637972445
2010-12-31,0.0632564875089981
2011-01-31,0.0223929698124122
2011-02-28,0.0314565767628247
2011-03-31,-0.00104786175458388
2011-04-29,0.0280969387702452
2011-05-31,-0.013592919455284
2011-06-30,-0.0184261859119326
2011-07-29,-0.0217083558566638
2011-08-31,-0.0584675022719569
2011-09-30,-0.0744671007197857
2011-10-31,0.102306591769389
2011-11-30,-0.00507155372251254
2011-12-30,0.00849656540711452
2012-01-31,0.0426600444678074
2012-02-29,0.0397873446720446
2012-03-30,0.0308514756329961
2012-04-30,-0.00752569954498877
2012-05-31,-0.0646993081586247
2012-06-29,0.0387927198737
2012-07-31,0.0125188849402827
2012-08-31,0.0195706097018711
2012-09-28,0.0239471187962546
2012-10-31,-0.0199878423580502
2012-11-30,0.00284267246045673
2012-12-31,0.00704336810071341
2013-01-31,0.0491977919987461
2013-02-28,0.0109999271263545
2013-03-28,0.0353552943297049
2013-04-30,0.0179241658366525
2013-05-31,0.0205502023835116
2013-06-28,-0.0151129287702801
2013-07-31,0.048277728051788
2013-08-30,-0.0317982680379454
2013-09-30,0.029315591366425
2013-10-31,0.0436299711128339
2013-11-29,0.0276632897732354
2013-12-31,0.0232894744820535
2014-01-31,-0.0362314077760193
2014-02-28,0.0422133750722756
2014-03-31,0.00690824842694421
2014-04-30,0.00618164336558469
2014-05-30,0.0208121960133582
2014-06-30,0.0188789967135605
2014-07-31,-0.0151946876379915
2014-08-29,0.0369636444079892
2014-09-30,-0.0156354361052899
2014-10-31,0.0229363988295644
2014-11-28,0.0242374735633067
2014-12-31,-0.00419738422112601
2015-01-30,-0.0315327792664255
2015-02-27,0.0534388763256272
2015-03-31,-0.0175491974339631
2015-04-30,0.00848472254463554
2015-05-29,0.0104367296753369
2015-06-30,-0.0212355588717587
2015-07-31,0.0195496829900196
2015-08-31,-0.064624730993124
2015-09-30,-0.0267987309634629
2015-10-30,0.0797193795433987
2015-11-30,0.000504741706805187
2015-12-31,-0.0176856583902572
2016-01-29,-0.0520676173054968
2016-02-29,-0.00413690551499243
2016-03-31,0.063904990286829
2016-04-29,0.00269576145115539
2016-05-31,0.0152083668105238
2016-06-30,0.000910506603153496
2016-07-29,0.0349904326910541
2016-08-31,-0.00121998678035221
2016-09-30,-0.00123521370175363
2016-10-31,-0.0196168370434728
2016-11-30,0.0336035450444343
2016-12-30,0.0180371112992791
2017-01-31,0.0177263146210629
2017-02-28,0.036523000738277
2017-03-31,-0.000389272892131339
2017-04-28,0.0090501324781982
2017-05-31,0.0115097591109806
2017-06-30,0.00480222604050388
2017-07-31,0.0191640175471009
2017-08-31,0.000546283779694675
2017-09-29,0.0191190393523554
2017-10-31,0.0219455600318417
2017-11-30,0.0276955410466345
2017-12-29,0.00978361457487123
2018-01-31,0.0546573983583286
2018-02-28,-0.0397261075980839
2018-03-29,-0.0272524973669399
2018-04-30,0.00271508581182447
2018-05-31,0.0213781911830662
2018-06-29,0.00483074938657028
2018-07-31,0.0353879507375243
2018-08-31,0.0298143145243824
2018-09-28,0.00428509328633363
2018-10-31,-0.0719293459542968
2018-11-30,0.0177017520561176
2018-12-31,-0.096265219857899
2019-01-31,0.075742151986756
2019-02-28,0.0292955533654024
2019-03-29,0.0177655108902287
2019-04-30,0.0385603974175708
2019-05-31,-0.068040894082874
2019-06-28,0.0666583015630261
2019-07-31,0.0130427248337053
2019-08-30,-0.0182572817432622
2019-09-30,0.0170352505910719
2019-10-31,0.0202258421533174
2019-11-29,0.0334802660713782
2019-12-31,0.0281887562985421
2020-01-31,-0.00162941960244258
2020-02-28,-0.0878595369083878
2020-03-31,-0.133667724670374
2020-04-30,0.119420838760177
2020-05-29,0.0442865329490969
2020-06-30,0.0182213743567192
2020-07-31,0.0536368016345059
2020-08-31,0.0677190830043573
2020-09-30,-0.0400181199831781
2020-10-30,-0.0280556922855541
2020-11-30,0.1021464279066
2020-12-31,0.0364490478405916
2021-01-29,-0.0111991376508885
2021-02-26,0.0257568766725366
2021-03-31,0.0415628072825466
2021-04-30,0.0510973304680564
2021-05-28,0.00547149271672327
2021-06-30,0.0219708725661225
2021-07-30,0.0224931759222513
2021-08-31,0.0285781431597926
2021-09-30,-0.0487377927828332
2021-10-29,0.0668581752839893
2021-11-30,-0.00836862565520527
2021-12-31,0.0426886481613966
2022-01-31,-0.0540182299992834
2022-02-28,-0.0318627610217115
2022-03-31,0.0351482862715227
2022-04-29,-0.0920678249074223
2022-05-31,5.31762907606247e-05
2022-06-30,-0.0876515818048179
2022-07-29,0.0872013846897159
2022-08-31,-0.0433670306634054
2022-09-30,-0.0980491666209926
2022-10-31,0.0768345644688556
2022-11-30,0.052357976097649
2022-12-30,-0.0607818253766682
2023-01-31,0.0599211818343497
2023-02-28,-0.0264594788597931
2023-03-31,0.0344512926982636
2023-04-28,0.0145361776495622
2023-05-31,0.00247927143327248
2023-06-30,0.0627188649146418
2023-07-31,0.0306639509077039
2023-08-31,-0.0178752038429939
2023-09-29,-0.0499461679232821
2023-10-31,-0.0222248410014034
2023-11-30,0.0854244482007529
2023-12-29,0.0432790354316083
2024-01-31,0.0157706938864257
2024-02-29,0.050427528312772
2024-03-28,0.030547420111743
2024-04-30,-0.0425057776814786
2024-05-31,0.0469038053043597
2024-06-28,0.0340823432388823
2024-07-31,0.0112577104024099
2024-08-30,0.0225778971175147
2024-09-30,0.0199956322877545
2024-10-31,-0.00994604159855018
2024-11-29,0.0557197140294973
2024-12-31,-0.0253076921877456
2025-01-31,0.0266578064196692
2025-02-28,-0.0143444846484833
2025-03-31,-0.0592667853801767
2025-04-30,-0.00765416184784731
2025-05-30,0.0597054476377534
2025-06-30,0.048415655447619
2025-07-31,0.0214351787924651
2025-08-29,0.0188869575073857
2025-09-30,0.0347141190980816
2025-10-31,0.0224333520454968
2025-11-28,0.001298774393958
2025-12-31,-0.000524271828975478
2026-01-30,0.0135704622442891
2026-02-27,-0.00870613337606896
2026-03-31,-0.0522755566161011
2026-04-17,0.0875782208977609
